,Epoch,L1R
0,1,0.0006491678322549083
1,2,0.0008641612446654421
2,3,0.000877479996403871
3,4,0.0005810702660561308
4,5,0.0003498985408666371
5,6,0.0006621061666024814
6,7,0.0004157013297298179
7,8,0.00067176554853152
8,9,0.0005377060062895582
9,10,0.0005477252530140453
